963.66,1003.08,958.7,998.33,998.33,147775008
998.62,1031.39,996.7,1021.75,1021.75,222184992
1021.6,1044.08,1021.6,1043.84,1043.84,185168000
1044.4,1159.42,1044.4,1154.73,1154.73,344945984
1156.73,1191.1,910.42,1013.38,1013.38,510199008
1014.24,1046.81,883.94,902.2,902.2,351876000
903.49,908.59,823.56,908.59,908.59,279550016
908.17,942.72,887.25,911.2,911.2,158715008
913.24,913.69,879.81,902.83,902.83,141876992
902.44,914.87,901.06,907.68,907.68,115808000
908.11,919.45,762.77,777.76,777.76,310928992
775.18,826.25,755.76,804.83,804.83,222326000
803.74,829,780,823.98,823.98,168968000
825.14,835.09,812.46,818.41,818.41,93063296
818.14,823.31,812.87,821.8,821.8,71013600
821.78,834.53,820.27,831.53,831.53,82755200
830.95,910.56,830.8,907.94,907.94,155095008
909.37,917.5,858.3,886.62,886.62,225676992
888.34,904.61,884.34,899.07,899.07,105625000
898.17,899.4,887.01,895.03,895.03,86728400
895.55,927.37,895.53,921.79,921.79,111158000
922.21,937.53,897.56,924.67,924.67,116573000
925.5,928.27,916.74,921.01,921.01,73588600
910.68,924.15,892.29,892.69,892.69,111349000
891.92,903.25,891.69,901.54,901.54,120831000
902.4,919.33,902.22,917.59,917.59,131958000
918.36,923.22,915.85,919.75,919.75,125594000
919.81,923.91,919.81,921.59,921.59,68979600
922.07,923.42,919.15,919.5,919.5,60851700
920.15,923.05,919.47,920.38,920.38,78227296
920.96,972.02,920.96,970.4,970.4,164582000
970.94,989.11,970.74,989.02,989.02,150110000
990,1013.52,983.22,1011.8,1011.8,145820992
1011.46,1033.87,1008.79,1029.91,1029.91,201278000
1031.33,1045.9,1015.16,1042.9,1042.9,155064000
1043.52,1043.63,1022.37,1027.34,1027.34,114208000
1028.4,1044.64,1028.16,1038.15,1038.15,111762000
1040.14,1061.93,1040.14,1061.35,1061.35,146007008
1062.32,1078.97,1037.49,1063.07,1063.07,201855008
1064.7,1088.99,953.34,994.38,994.38,407220000
995.63,998.91,946.69,988.67,988.67,190452000
988.9,1009.29,982.83,1004.45,1004.45,102261000
1003.52,1004.76,996.92,999.18,999.18,67530000
998.89,1002.1,976,990.64,990.64,100607000
991.73,1011.51,986.47,1004.55,1004.55,137946000
1006.21,1008.84,1001.58,1007.48,1007.48,89759400
1007.65,1033.37,1007.65,1027.44,1027.44,122277000
1026.12,1053.17,1025.64,1046.21,1046.21,136474000
1049.21,1061.1,1046.96,1054.42,1054.42,99073504
1054.76,1056.81,1043.46,1047.87,1047.87,77423296
1048.69,1080.49,1041.69,1079.98,1079.98,109478000
1079.28,1117.25,1076.93,1115.3,1115.3,186868992
1114.8,1125.39,1100.55,1117.44,1117.44,136100000
1117.27,1176.62,1116.96,1166.72,1166.72,189454000
1172.71,1200.39,1131.96,1173.68,1173.68,330759008
1170.41,1174.85,1124.59,1143.84,1143.84,139960992
1144.27,1167.47,1130.2,1165.2,1165.2,116486000
1163.78,1181.98,1163.38,1179.97,1179.97,131570000
1180.72,1193.25,1171.82,1179.97,1179.97,184956000
1180.04,1222.5,1179.69,1222.5,1222.5,229056992
1224.68,1262.13,1215.62,1251.01,1251.01,368275008
1250.71,1280.31,1250.71,1274.99,1274.99,315739008
1277.43,1279.4,1230.51,1255.15,1255.15,183270000
1254.29,1267.29,1238.06,1267.12,1267.12,134127000
1267.47,1276,1264.6,1272.83,1272.83,153656992
1273.21,1275.55,1204.8,1223.54,1223.54,291256000
1223.23,1232.16,1148.08,1150,1150,332603008
1150.35,1197.46,1141.23,1188.49,1188.49,212283008
1189.36,1270.47,1077.25,1116.72,1116.72,563795968
1116.32,1193.83,1116.32,1175.83,1175.83,283320000
1176.62,1226.98,1175.36,1221.38,1221.38,227176000
1221.78,1237.37,1217.03,1231.92,1231.92,380276992
1232.16,1244.81,1220.72,1240,1240,245306000
1240.16,1251.61,1239.75,1249.61,1249.61,297804992
1251.33,1257.98,1152.44,1187.81,1187.81,638568000
1180.16,1180.16,1099.57,1100.23,1100.23,706598976
1099.69,1114.07,957.66,973.82,973.82,621302016
976.73,1069.91,976.73,1036.74,1036.74,406648000
1037.24,1063.03,1036.68,1054.23,1054.23,286529984
1055.36,1122.43,1055.36,1120.54,1120.54,337391008
1120.65,1120.65,1014.21,1049.14,1049.14,380840992
1050.05,1058.01,1028.93,1038.59,1038.59,248540000
1038.45,1040.47,934.36,937.52,937.52,491038016
936.54,975.76,903.71,972.78,972.78,435803008
974.02,1007.96,954.19,966.72,966.72,303668000
972.05,1046.4,971.98,1045.77,1045.77,372535008
1044.58,1064.65,1027.73,1047.15,1047.15,326332000
1046.08,1055.13,1015.88,1039.97,1039.97,298457984
1042.21,1049.29,1020.04,1026.43,1026.43,352968992
1026.64,1074.92,1026.64,1071.79,1071.79,447287008
1071.71,1091.72,1061.09,1080.5,1080.5,289633984
1080.61,1107.59,1075.45,1102.17,1102.17,514187008
1102.95,1151.74,1102.95,1143.81,1143.81,580444032
1145.52,1156.44,1120.52,1133.25,1133.25,436310016
1134.14,1135.09,1113.63,1124.78,1124.78,414784000
1125.81,1188.37,1125.81,1182.68,1182.68,511222016
1178.94,1186.58,1163.39,1176.9,1176.9,317022016
1172.65,1184.98,1162.58,1175.95,1175.95,209312000
1176.57,1197.21,1171.86,1187.87,1187.87,242343008
1187.3,1190.34,1179.04,1187.13,1187.13,215883008
1187.46,1208.07,1187.46,1205.01,1205.01,216182000
1204.81,1207.14,1196.76,1200.37,1200.37,288702016
1201.02,1205.89,1156.44,1169.28,1169.28,351968992
1170.33,1190.8,1159.79,1167.54,1167.54,254827008
1167.3,1188,1164.96,1172.52,1172.52,203559008
1172.61,1187.22,1172.61,1182.94,1182.94,183231008
1183.25,1194.9,1172.65,1193.91,1193.91,253206000
1193.77,1217.57,1193.77,1211.67,1211.67,270524000
1212.13,1215.51,1205.08,1210.29,1210.29,288060992
1211.08,1240.79,1208.41,1229.08,1229.08,315108000
1229.42,1235.94,1215.56,1222.05,1222.05,272167008
1222.71,1235.56,1208.47,1231.71,1231.71,249320000
1231.92,1232.2,1203.94,1207.21,1207.21,258951008
1209.63,1250.94,1209.63,1250.15,1250.15,235806000
1250.45,1267.58,1249.97,1265.49,1265.49,242556000
1265.99,1294.83,1265.93,1281.08,1281.08,329631008
1281.88,1319.7,1281.3,1317.73,1317.73,449196992
1317.74,1331.28,1292.37,1316.48,1316.48,527488992
1317.84,1327.2,1315.21,1321.79,1321.79,422705984
1321.87,1347.91,1314.92,1347.89,1347.89,413115008
1348.3,1434.32,1348.3,1421.6,1421.6,713624000
1421.03,1473.9,1415.69,1452.82,1452.82,477337984
1453.78,1492.77,1447.49,1490.09,1490.09,583795968
1490.72,1608.91,1490.72,1537.67,1537.67,933548992
1540.87,1618.03,1530.31,1555.45,1555.45,946035968
1556.81,1578.8,1542.5,1578.8,1578.8,582529984
1579.47,1596.72,1559.76,1596.71,1596.71,1080029952
1596.92,1723.35,1596.92,1723.35,1723.35,1340320000
1723.89,1833.49,1716.3,1755.36,1755.36,1167920000
1756.52,1788.44,1719.1,1787.13,1787.13,915723008
1780.37,1873.93,1755.35,1848.57,1848.57,799489984
1845.76,1856.15,1694.01,1724.24,1724.24,740984000
1723.12,1812.99,1651.08,1804.91,1804.91,579635008
1800.86,1831.42,1776.62,1808.91,1808.91,437196000
1808.44,1812.8,1708.54,1738.43,1738.43,731529024
1741.7,1785.94,1686.54,1734.45,1734.45,959044992
1726.73,1864.05,1661.91,1839.09,1839.09,1064729984
1818.7,1904.48,1807.12,1888.65,1888.65,894321024
1897.37,2004.52,1890.25,1987.71,1987.71,1157289984
1984.24,2084.73,1974.92,2084.73,2084.73,961336000
2067.03,2119.08,2037.5,2041.2,2041.2,1147859968
2043.19,2303.9,2017.87,2173.4,2173.4,1942220032
2191.56,2320.82,2178.5,2320.42,2320.42,1378749952
2321.37,2523.72,2321.37,2443.64,2443.64,1725379968
2446.24,2763.71,2285.3,2304.98,2304.98,2406700032
2320.89,2573.79,2071.99,2202.42,2202.42,1763480064
2196.27,2260.2,1855.83,2038.87,2038.87,1700480000
2054.08,2267.34,2054.08,2155.8,2155.8,1147139968
2159.43,2307.05,2107.17,2255.61,2255.61,994625024
2255.36,2301.96,2124.57,2175.47,2175.47,1443970048
2187.19,2311.08,2145.57,2286.41,2286.41,1544829952
2288.33,2448.39,2288.33,2407.88,2407.88,1653180032
2404.03,2488.55,2373.32,2488.55,2488.55,1317030016
2493.72,2581.91,2423.57,2515.35,2515.35,1514950016
2547.79,2585.89,2452.54,2511.81,2511.81,1355120000
2512.4,2686.81,2510.22,2686.81,2686.81,1369309952
2690.84,2999.91,2690.84,2863.2,2863.2,2089609984
2869.38,2869.38,2700.56,2732.16,2732.16,1517709952
2720.49,2815.3,2670.95,2805.62,2805.62,1281170048
2807.44,2901.71,2795.62,2823.81,2823.81,1348950016
2828.14,2950.99,2746.55,2947.71,2947.71,2018889984
2942.41,2996.6,2840.53,2958.11,2958.11,1752400000
2953.22,2997.26,2518.56,2659.63,2659.63,2569530112
2680.91,2789.04,2650.38,2717.02,2717.02,1781200000
2716.88,2786.83,2412.94,2506.37,2506.37,1696560000
2499.58,2534.71,2212.96,2464.58,2464.58,2026259968
2469.57,2539.92,2385.15,2518.56,2518.56,1195190016
2514.01,2685.19,2484.96,2655.88,2655.88,1534509952
2655.35,2662.1,2516.33,2548.29,2548.29,1178659968
2549.03,2662.85,2549.03,2589.6,2589.6,1446840064
2591.26,2763.45,2589.82,2721.79,2721.79,1854189952
2709.43,2772.01,2660.4,2689.1,2689.1,1626579968
2691.03,2723.74,2642.36,2705.41,2705.41,1097939968
2707.34,2765.17,2706.37,2744.91,2744.91,961318976
2738.52,2757.94,2583.19,2608.72,2608.72,982750016
2607.25,2682.26,2552.12,2589.41,2589.41,1161100032
2590.57,2615.25,2376.29,2478.45,2478.45,1663280000
2478.45,2552.45,2332.99,2552.45,2552.45,1489789952
2553.03,2603.98,2484.42,2574.79,2574.79,1183869952
2567.56,2588.83,2510.48,2539.32,2539.32,949979008
2539.24,2559.25,2478.43,2480.84,2480.84,860273024
2492.6,2515.27,2419.23,2434.55,2434.55,779913984
2436.4,2514.28,2394.84,2506.47,2506.47,803747008
2498.56,2595,2480.47,2564.06,2564.06,964112000
2561,2631.59,2559.35,2601.64,2601.64,985516032
2602.87,2622.65,2538.55,2601.99,2601.99,941566016
2608.1,2616.72,2581.69,2608.56,2608.56,761956992
2608.59,2916.14,2498.87,2518.66,2518.66,917411968
2520.27,2571.34,2492.31,2571.34,2571.34,733329984
2572.61,2635.49,2517.59,2518.44,2518.44,527856000
2525.25,2537.16,2321.13,2372.56,2372.56,1111200000
2385.89,2413.47,2296.81,2337.79,2337.79,1329760000
2332.77,2423.71,2275.14,2398.84,2398.84,1117410048
2402.7,2425.22,2340.83,2357.9,2357.9,835769984
2360.59,2363.25,2183.22,2233.34,2233.34,882502976
2230.12,2231.14,1990.41,1998.86,1998.86,993608000
1991.98,2058.77,1843.03,1929.82,1929.82,1182870016
1932.62,2230.49,1932.62,2228.41,2228.41,1201760000
2233.52,2387.61,2164.77,2318.88,2318.88,1512450048
2323.08,2397.17,2260.23,2273.43,2273.43,1245100032
2269.89,2900.7,2269.89,2817.6,2817.6,2249260032
2838.41,2838.41,2621.85,2667.76,2667.76,1489449984
2668.63,2862.42,2657.71,2810.12,2810.12,1177129984
2808.1,2832.18,2653.94,2730.4,2730.4,1072840000
2732.7,2777.26,2699.19,2754.86,2754.86,866473984
2757.5,2768.08,2480.96,2576.48,2576.48,1460089984
2577.77,2610.76,2450.8,2529.45,2529.45,937404032
2538.71,2693.32,2529.34,2671.78,2671.78,789104000
2679.73,2897.45,2679.73,2809.01,2809.01,1380099968
2807.02,2808.76,2692.8,2726.45,2726.45,803745984
2724.39,2758.53,2644.85,2757.18,2757.18,705942976
2763.24,2889.62,2720.61,2875.34,2875.34,860574976
2871.3,2921.35,2685.61,2718.26,2718.26,1324669952
2727.13,2762.53,2668.59,2710.67,2710.67,1094950016
2709.56,2813.31,2685.14,2804.73,2804.73,804796992
2806.93,2899.33,2743.72,2895.89,2895.89,1002120000
2897.63,3290.01,2874.83,3252.91,3252.91,1945699968
3257.61,3293.29,3155.6,3213.94,3213.94,1105030016
3212.78,3397.68,3180.89,3378.94,3378.94,1482279936
3370.22,3484.85,3345.83,3419.94,3419.94,1752760064
3420.4,3422.76,3247.67,3342.47,3342.47,1468960000
3341.84,3453.45,3319.47,3381.28,3381.28,1515110016
3373.82,3679.72,3372.12,3650.62,3650.62,2021190016
3650.63,3949.92,3613.7,3884.71,3884.71,2219589888
3880.04,4208.39,3857.8,4073.26,4073.26,3159089920
4066.1,4325.13,3989.16,4325.13,4325.13,2463089920
4326.99,4455.97,3906.18,4181.93,4181.93,3258050048
4200.34,4381.23,3994.42,4376.63,4376.63,2272039936
4384.44,4484.7,4243.71,4331.69,4331.69,2553359872
4324.34,4370.13,4015.4,4160.62,4160.62,2941710080
4137.75,4243.26,3970.55,4193.7,4193.7,2975820032
4189.31,4196.29,4069.88,4087.66,4087.66,2109769984
4090.48,4109.14,3988.6,4001.74,4001.74,2800890112
3998.35,4128.76,3674.58,4100.52,4100.52,3764239872
4089.01,4255.78,4078.41,4151.52,4151.52,2369819904
4137.6,4376.39,4130.26,4334.68,4334.68,2037750016
4332.82,4455.7,4307.35,4371.6,4371.6,1727970048
4372.06,4379.28,4269.52,4352.4,4352.4,1511609984
4345.1,4416.59,4317.29,4382.88,4382.88,1537459968
4384.45,4403.93,4224.64,4382.66,4382.66,1959330048
4389.21,4625.68,4352.13,4579.02,4579.02,2486080000
4570.36,4626.52,4471.41,4565.3,4565.3,1937849984
4555.59,4736.05,4549.4,4703.39,4703.39,1944930048
4701.76,4892.01,4678.53,4892.01,4892.01,2599079936
4901.42,4975.04,4469.24,4578.77,4578.77,2722139904
4585.27,4714.08,4417.59,4582.96,4582.96,1933190016
4591.63,4591.63,4108.4,4236.31,4236.31,2987330048
4228.29,4427.84,3998.11,4376.53,4376.53,2697969920
4376.59,4617.25,4376.59,4597.12,4597.12,2172100096
4589.14,4655.04,4491.33,4599.88,4599.88,1844620032
4605.16,4661,4075.18,4228.75,4228.75,2700890112
4229.81,4308.82,4114.11,4226.06,4226.06,1386230016
4229.34,4245.44,3951.04,4122.94,4122.94,1679090048
4122.47,4261.67,4099.4,4161.27,4161.27,1557330048
4168.88,4344.65,4085.22,4130.81,4130.81,1864530048
4131.98,4131.98,3789.92,3882.59,3882.59,2219409920
3875.37,3920.6,3153.86,3154.95,3154.95,2716310016
3166.3,3733.45,2946.62,3637.52,3637.52,4148069888
3637.75,3808.84,3487.79,3625.04,3625.04,1818400000
3606.28,3664.81,3445.64,3582.88,3582.88,1239149952
3591.09,4079.23,3591.09,4065.2,4065.2,1943209984
4073.79,4094.07,3868.87,3924.97,3924.97,1563980032
3916.36,4031.39,3857.73,3905.95,3905.95,1213830016
3901.47,3916.42,3613.63,3631.04,3631.04,1411480064
3628.02,3758.27,3553.53,3630.7,3630.7,1194829952
3629.92,3819.21,3594.58,3792.4,3792.4,928113984
3796.15,3796.15,3666.9,3682.84,3682.84,768014976
3681.58,3950.25,3681.58,3926.07,3926.07,1374210048
3928.41,3969.89,3869.9,3892.35,3892.35,1043740032
3892.94,4210.05,3884.82,4200.67,4200.67,1686880000
4197.13,4279.31,4109.7,4174.73,4174.73,1712320000
4171.62,4214.63,4039.29,4163.07,4163.07,1367049984
4166.11,4358.43,4160.86,4338.71,4338.71,1207449984
4341.05,4403.74,4269.81,4403.74,4403.74,1208210048
4395.81,4470.23,4377.46,4409.32,4409.32,1431730048
4408.46,4432.47,4258.89,4317.48,4317.48,1288019968
4319.37,4352.31,4210.42,4229.36,4229.36,1116770048
4229.88,4362.64,4164.05,4328.41,4328.41,1161769984
4324.46,4413.27,4320.53,4370.81,4370.81,1069939968
4369.35,4443.88,4321.05,4426.89,4426.89,906928000
4429.67,4624.14,4405.64,4610.48,4610.48,1313869952
4614.52,4878.71,4564.25,4772.02,4772.02,1968739968
4776.21,4922.17,4765.1,4781.99,4781.99,1597139968
4789.25,4873.73,4751.63,4826.48,4826.48,1222279936
4829.58,5446.91,4822,5446.91,5446.91,2791610112
5464.16,5840.3,5436.85,5647.21,5647.21,3615480064
5643.53,5837.7,5591.64,5831.79,5831.79,1669030016
5835.96,5852.48,5478.61,5678.19,5678.19,1976039936
5687.57,5776.23,5544.21,5725.59,5725.59,2008070016
5741.58,5800.35,5472.72,5605.51,5605.51,1821570048
5603.82,5603.82,5151.44,5590.69,5590.69,2399269888
5583.74,5744.35,5531.06,5708.52,5708.52,1780540032
5708.11,6060.11,5627.23,6011.45,6011.45,2354429952
5996.79,6194.88,5965.07,6031.6,6031.6,2207099904
6036.66,6076.26,5792.34,6008.42,6008.42,2034630016
6006,6075.59,5732.47,5930.32,5930.32,2401840128
5935.52,5935.52,5504.18,5526.64,5526.64,2735699968
5524.6,5754.33,5397.88,5750.8,5750.8,1966989952
5747.95,5976.8,5721.22,5904.83,5904.83,1905040000
5899.74,5988.39,5728.82,5780.9,5780.9,1710130048
5787.82,5876.72,5689.19,5753.09,5753.09,1403920000
5754.44,6255.71,5724.58,6153.85,6153.85,2859040000
6114.85,6214.99,6040.85,6130.53,6130.53,1772150016
6132.02,6470.43,6103.33,6468.4,6468.4,2311379968
6440.97,6767.31,6377.88,6767.31,6767.31,2870320128
6777.77,7367.33,6758.72,7078.5,7078.5,4653770240
7087.53,7461.29,7002.94,7207.76,7207.76,3369860096
7164.48,7492.86,7031.28,7379.95,7379.95,2483800064
7404.52,7617.48,7333.19,7407.41,7407.41,2380410112
7403.22,7445.77,7007.31,7022.76,7022.76,3111899904
7023.1,7253.32,7023.1,7144.38,7144.38,2326340096
7141.38,7776.42,7114.02,7459.69,7459.69,4602200064
7446.83,7446.83,7101.52,7143.58,7143.58,3226249984
7173.73,7312,6436.87,6618.14,6618.14,5208249856
6618.61,6873.15,6204.22,6357.6,6357.6,4908680192
6295.45,6625.05,5519.01,5950.07,5950.07,8957349888
5938.25,6811.19,5844.29,6559.49,6559.49,6263249920
6561.48,6764.98,6461.75,6635.75,6635.75,3197110016
6634.76,7342.25,6634.76,7315.54,7315.54,4200880128
7323.24,7967.38,7176.58,7871.69,7871.69,5123809792
7853.57,8004.59,7561.09,7708.99,7708.99,4651670016
7697.21,7884.99,7463.44,7790.15,7790.15,3667190016
7766.03,8101.91,7694.1,8036.49,8036.49,3149319936
8039.07,8336.86,7949.36,8200.64,8200.64,3488450048
8205.74,8348.66,7762.71,8071.26,8071.26,4277609984
8077.95,8302.26,8075.47,8253.55,8253.55,3633530112
8232.38,8267.4,8038.77,8038.77,8038.77,4225179904
8074.02,8374.16,7940.93,8253.69,8253.69,5058610176
8241.71,8790.92,8191.15,8790.92,8790.92,4342060032
8789.04,9522.93,8775.59,9330.55,9330.55,5475579904
9352.72,9818.35,9352.72,9818.35,9818.35,5653320192
9823.43,10125.7,9736.3,10058.8,10058.8,6348819968
10077.4,11517.4,9601.03,9888.61,9888.61,11568799744
9906.79,10801,9202.05,10233.6,10233.6,8310689792
10198.6,11046.7,9694.65,10975.6,10975.6,6783119872
10978.3,11320.2,10905.1,11074.6,11074.6,5138500096
11082.7,11858.7,10862,11323.2,11323.2,6608309760
11315.4,11657.2,11081.8,11657.2,11657.2,6132409856
11685.7,12032,11604.6,11916.7,11916.7,6895260160
11923.4,14369.1,11923.4,14291.5,14291.5,12656300032
14266.1,17899.7,14057.3,17899.7,17899.7,17950699520
17802.9,18353.4,14336.9,16569.4,16569.4,21135998976
16523.3,16783,13674.9,15178.2,15178.2,13911300096
15168.4,15850.6,13226.6,15455.4,15455.4,13433299968
15427.4,17513.9,15404.8,16936.8,16936.8,12153900032
16919.8,17781.8,16571.6,17415.4,17415.4,14603799552
17500,17653.1,16039.7,16408.2,16408.2,12976900096
16384.6,17085.8,16185.9,16564,16564,13777399808
16601.3,18154.1,16601.3,17706.9,17706.9,14309999616
17760.3,19716.7,17515.3,19497.4,19497.4,12740599808
19475.8,20089,18974.1,19140.8,19140.8,13314599936
19106.4,19371,18355.9,19114.2,19114.2,14839499776
19118.3,19177.8,17275.4,17776.7,17776.7,16894499840
17760.3,17934.7,16077.7,16624.6,16624.6,22149699584
16642.4,17567.7,15342.7,15802.9,15802.9,16516599808
15898,15943.4,11833,13831.8,13831.8,22197999616
13948.7,15603.2,13828.8,14699.2,14699.2,13086000128
14608.2,14626,12747.7,13925.8,13925.8,11572299776
13995.9,14593,13448.9,14026.6,14026.6,10664699904
14036.6,16461.2,14028.9,16099.8,16099.8,13454300160
16163.5,16930.9,15114.3,15838.5,15838.5,12487600128
15864.1,15888.4,13937.3,14606.5,14606.5,12336499712
14695.8,15279,14307,14656.2,14656.2,13025500160
14681.9,14681.9,12350.1,12952.2,12952.2,14452599808
12897.7,14377.4,12755.6,14156.4,14156.4,12136299520
14112.2,14112.2,13154.7,13657.2,13657.2,10291200000
13625,15444.6,13163.6,14982.1,14982.1,16846600192
14978.2,15572.8,14844.5,15201,15201,16871900160
15270.7,15739.7,14522.2,15599.2,15599.2,21783199744
15477.2,17705.2,15202.8,17429.5,17429.5,23840899072
17462.1,17712.4,16764.6,17527,17527,18314600448
17527.3,17579.6,16087.7,16477.6,16477.6,15866000384
16476.2,16537.9,14208.2,15170.1,15170.1,18413899776
15123.7,15497.5,14424,14595.4,14595.4,16659999744
14588.5,14973.3,13691.2,14973.3,14973.3,18500800512
14968.2,15018.8,13105.9,13405.8,13405.8,16534099968
13453.9,14229.9,13158.1,13980.6,13980.6,12065699840
13952.4,14659.5,13952.4,14360.2,14360.2,12763599872
14370.8,14511.8,13268,13772,13772,11084099584
13767.3,14445.5,13641.7,13819.8,13819.8,12750799872
13836.1,13843.1,10194.9,11490.5,11490.5,18853799936
11431.1,11678,9402.29,11188.6,11188.6,18830600192
11198.8,12107.3,10942.5,11474.9,11474.9,15020399616
11429.8,11992.8,11172.1,11607.4,11607.4,10740400128
11656.2,13103,11656.2,12899.2,12899.2,11801700352
12889.2,12895.9,11288.2,11600.1,11600.1,9935179776
11633.1,11966.4,10240.2,10931.4,10931.4,10537400320
10944.5,11377.6,10129.7,10868.4,10868.4,9660609536
10903.4,11501.4,10639.8,11359.4,11359.4,9940989952
11421.7,11785.7,11057.4,11259.4,11259.4,8873169920
11256,11656.7,10470.3,11171.4,11171.4,9746199552
11174.9,11614.9,10989.2,11440.7,11440.7,7583269888
11475.3,12040.3,11475.3,11786.3,11786.3,8350360064
11755.5,11875.6,11179.2,11296.4,11296.4,7107359744
11306.8,11307.2,10036.2,10106.3,10106.3,8637859840
10108.2,10381.6,9777.42,10221.1,10221.1,8041160192
10237.3,10288.8,8812.28,9170.54,9170.54,9959400448
9142.28,9142.28,7796.49,8830.75,8830.75,12726899712
8852.12,9430.75,8251.63,9174.91,9174.91,7263790080
9175.7,9334.87,8031.22,8277.01,8277.01,7073549824
8270.54,8364.84,6756.68,6955.27,6955.27,9285289984
7051.75,7850.7,6048.26,7754,7754,13999800320
7755.49,8509.11,7236.79,7621.3,7621.3,9169280000
7637.86,8558.77,7637.86,8265.59,8265.59,9346750464
8271.84,8736.98,7884.71,8736.98,8736.98,6784820224
8720.08,9122.55,8295.47,8621.9,8621.9,7780960256
8616.13,8616.13,7931.1,8129.97,8129.97,6122189824
8141.43,8985.92,8141.43,8926.57,8926.57,6256439808
8926.72,8958.47,8455.41,8598.31,8598.31,5696719872
8599.92,9518.54,8599.92,9494.63,9494.63,7909819904
9488.32,10234.8,9395.58,10166.4,10166.4,9062540288
10135.7,10324.1,9824.82,10233.9,10233.9,7296159744
10207.5,11139.5,10149.4,11112.7,11112.7,8660880384
11123.4,11349.8,10326,10551.8,10551.8,8744009728
10552.6,11273.8,10513.2,11225.3,11225.3,7652089856
11231.8,11958.5,11231.8,11403.7,11403.7,9926540288
11372.2,11418.5,10479.1,10690.4,10690.4,9405339648
10660.4,11039.1,9939.09,10005,10005,8040079872
9937.07,10487.3,9734.56,10301.1,10301.1,7739500032
10287.7,10597.2,9546.97,9813.07,9813.07,6917929984
9796.42,9923.22,9407.06,9664.73,9664.73,5706939904
9669.43,10475,9501.73,10366.7,10366.7,7287690240
10393.9,10878.5,10246.1,10725.6,10725.6,6966179840
10687.2,11089.8,10393.1,10397.9,10397.9,6936189952
10385,11052.3,10352.7,10951,10951,7317279744
10977.4,11189,10850.1,11086.4,11086.4,7620590080
11101.9,11528.2,11002.4,11489.7,11489.7,6690570240
11497.4,11512.6,11136.1,11512.6,11512.6,6084149760
11532.4,11704.1,11443.9,11573.3,11573.3,6468539904
11500.1,11500.1,10694.3,10779.9,10779.9,6832169984
10803.9,10929.5,9692.12,9965.57,9965.57,8797910016
9951.44,10147.4,9335.87,9395.01,9395.01,7186089984
9414.69,9466.35,8513.03,9337.55,9337.55,8704190464
9350.59,9531.32,8828.47,8866,8866,5386319872
8852.78,9711.89,8607.12,9578.63,9578.63,6296370176
9602.93,9937.5,8956.43,9205.12,9205.12,6457399808
9173.04,9470.38,8958.19,9194.85,9194.85,5991139840
9214.65,9355.85,8068.59,8269.81,8269.81,6438230016
8290.76,8428.35,7783.05,8300.86,8300.86,6834429952
8322.91,8585.15,8005.31,8338.35,8338.35,5289379840
8321.91,8346.53,7812.82,7916.88,7916.88,4426149888
7890.52,8245.51,7397.99,8223.68,8223.68,6639190016
8344.12,8675.87,8182.4,8630.65,8630.65,6729110016
8619.67,9051.02,8389.89,8913.47,8913.47,6361789952
8937.48,9177.37,8846.33,8929.28,8929.28,6043129856
8939.44,9100.71,8564.9,8728.47,8728.47,5530390016
8736.25,8879.62,8360.62,8879.62,8879.62,5954120192
8901.95,8996.18,8665.7,8668.12,8668.12,5664600064
8612.81,8682.01,8449.1,8495.78,8495.78,4569880064
8498.47,8530.08,7921.43,8209.4,8209.4,5921039872
8200,8232.78,7797.28,7833.04,7833.04,5378250240
7836.83,8122.89,7809.17,7954.48,7954.48,4935289856
7979.07,7994.33,7081.38,7165.7,7165.7,6361229824
7171.45,7276.66,6683.93,6890.52,6890.52,6289509888
6892.48,7207.85,6863.52,6973.53,6973.53,4553269760
7003.06,7060.95,6526.87,6844.23,6844.23,4532100096
6844.86,7135.47,6816.58,7083.8,7083.8,4333440000
7102.26,7530.94,7072.49,7456.11,7456.11,5499700224
7456.41,7469.88,6803.88,6853.84,6853.84,4936000000
6848.65,6933.82,6644.8,6811.47,6811.47,5639320064
6815.96,6857.49,6575,6636.32,6636.32,3766810112
6630.51,7050.54,6630.51,6911.09,6911.09,3976610048
6919.98,7111.56,6919.98,7023.52,7023.52,3652499968
7044.32,7178.11,6661.99,6770.73,6770.73,4894060032
6795.44,6872.41,6704.15,6834.76,6834.76,4272750080
6843.47,6968.32,6817.59,6968.32,6968.32,4641889792
6955.38,7899.23,6806.51,7889.25,7889.25,8906250240
7901.09,8183.96,7758.93,7895.96,7895.96,7764460032
7874.67,8140.71,7846,7986.24,7986.24,5191430144
7999.33,8338.42,7999.33,8329.11,8329.11,5244480000
8337.57,8371.15,7925.73,8058.67,8058.67,5631309824
8071.66,8285.96,7881.72,7902.09,7902.09,6900879872
7944.43,8197.8,7886.01,8163.42,8163.42,6529909760
8159.27,8298.69,8138.78,8294.31,8294.31,7063209984
8286.88,8880.23,8244.54,8845.83,8845.83,8438110208
8848.79,8997.57,8652.15,8895.58,8895.58,7548550144
8925.06,9001.64,8779.61,8802.46,8802.46,6629899776
8794.39,8958.55,8788.81,8930.88,8930.88,6925190144
8934.34,9732.61,8927.83,9697.5,9697.5,10678800384
9701.03,9745.32,8799.84,8845.74,8845.74,11083100160
8867.32,9281.51,8727.09,9281.51,9281.51,8970559488
9290.63,9375.47,8987.05,8987.05,8987.05,7566289920
8939.27,9412.09,8931.99,9348.48,9348.48,7805479936
9346.41,9531.49,9193.71,9419.08,9419.08,8853000192
9426.11,9477.14,9166.81,9240.55,9240.55,8673920000
9251.47,9255.88,8891.05,9119.01,9119.01,7713019904
9104.6,9256.52,9015.14,9235.92,9235.92,7558159872
9233.97,9798.33,9188.15,9743.86,9743.86,10207299584
9695.5,9779.2,9585.96,9700.76,9700.76,8217829888
9700.28,9964.5,9695.12,9858.15,9858.15,7651939840
9845.31,9940.14,9465.25,9654.8,9654.8,7222280192
9645.67,9665.85,9231.53,9373.01,9373.01,7394019840
9380.87,9462.75,9127.77,9234.82,9234.82,7415869952
9223.73,9374.76,9031.62,9325.18,9325.18,7226890240
9325.96,9396.04,9040.52,9043.94,9043.94,6906699776
9052.96,9052.96,8394.46,8441.49,8441.49,8488520192
8441.44,8664.86,8223.5,8504.89,8504.89,6821380096
8515.49,8773.55,8395.12,8723.94,8723.94,5866379776
8713.1,8881.12,8367.97,8716.79,8716.79,7364149760
8705.19,8836.19,8456.45,8510.38,8510.38,6705710080
8504.41,8508.43,8175.49,8368.83,8368.83,6760220160
8370.05,8445.54,8054.12,8094.32,8094.32,5862530048
8091.83,8274.12,7974.82,8250.97,8250.97,5764190208
8255.73,8372.06,8183.35,8247.18,8247.18,4712399872
8246.99,8562.41,8205.24,8513.25,8513.25,5191059968
8522.33,8557.52,8365.12,8418.99,8418.99,5154990080
8419.87,8423.25,8004.58,8041.78,8041.78,5137010176
8037.08,8054.66,7507.88,7557.82,7557.82,6491120128
7561.12,7738.6,7331.14,7587.34,7587.34,6049220096
7592.3,7659.14,7392.65,7480.14,7480.14,4867829760
7486.48,7595.16,7349.12,7355.88,7355.88,4051539968
7362.08,7381.74,7270.96,7368.22,7368.22,4056519936
7371.31,7419.05,7100.89,7135.99,7135.99,5040600064
7129.46,7526.42,7090.68,7472.59,7472.59,5662660096
7469.73,7573.77,7313.6,7406.52,7406.52,4922540032
7406.15,7608.9,7361.13,7494.17,7494.17,5127130112
7500.7,7604.73,7407.34,7541.45,7541.45,4921460224
7536.72,7695.83,7497.26,7643.45,7643.45,4939299840
7632.09,7754.89,7613.04,7720.25,7720.25,4851760128
7722.53,7753.82,7474.04,7514.47,7514.47,4993169920
7500.9,7643.23,7397,7633.76,7633.76,4961739776
7625.97,7680.43,7502.01,7653.98,7653.98,4692259840
7650.82,7741.27,7650.82,7678.24,7678.24,4485799936
7685.14,7698.19,7558.4,7624.92,7624.92,4227579904
7632.52,7683.58,7531.98,7531.98,7531.98,3845220096
7499.55,7499.55,6709.07,6786.02,6786.02,5804839936
6799.29,6910.18,6706.63,6906.92,6906.92,4745269760
6905.82,6907.96,6542.08,6582.36,6582.36,4654380032
6596.88,6631.66,6285.63,6349.9,6349.9,5052349952
6342.75,6707.14,6334.46,6675.35,6675.35,5138710016
6674.08,6681.08,6433.87,6456.58,6456.58,3955389952
6455.45,6592.49,6402.29,6550.16,6550.16,3194170112
6545.53,6589.11,6499.27,6499.27,6499.27,3104019968
6510.07,6781.14,6446.68,6734.82,6734.82,4039200000
6742.39,6822.5,6709.92,6769.94,6769.94,4057029888
6770.76,6821.56,6611.88,6776.55,6776.55,3888640000
6780.09,6810.94,6715.17,6729.74,6729.74,3529129984
6737.88,6747.08,6006.6,6083.69,6083.69,5079810048
6090.1,6224.82,6071.81,6162.48,6162.48,3431360000
6164.28,6223.78,5826.41,6173.23,6173.23,4566909952
6171.97,6327.37,6119.68,6249.18,6249.18,5500810240
6253.55,6290.16,6093.67,6093.67,6093.67,3279759872
6084.4,6180,6052.85,6157.13,6157.13,3296219904
6153.16,6170.41,5873.05,5903.44,5903.44,3467800064
5898.13,6261.66,5835.75,6218.3,6218.3,3966230016
6214.22,6465.51,6214.22,6404,6404,4543860224
6411.68,6432.85,6289.29,6385.82,6385.82,4788259840
6380.38,6683.86,6305.7,6614.18,6614.18,4396930048
6596.66,6671.37,6447.75,6529.59,6529.59,4672309760
6550.87,6771.92,6450.46,6597.55,6597.55,4176689920
6599.71,6749.54,6546.65,6639.14,6639.14,4999240192
6638.69,6700.94,6533.55,6673.5,6673.5,4313959936
6668.71,6863.99,6579.24,6856.93,6856.93,3961080064
6857.8,6885.91,6747.98,6773.88,6773.88,3386210048
6775.08,6838.68,6724.34,6741.75,6741.75,3718129920
6739.21,6767.74,6320.72,6329.95,6329.95,4052430080
6330.77,6444.96,6330.47,6394.71,6394.71,3644859904
6396.78,6397.1,6136.42,6228.81,6228.81,3770170112
6235.03,6310.55,6192.24,6238.05,6238.05,3805400064
6247.5,6298.19,6212.22,6276.12,6276.12,2923670016
6272.7,6403.46,6256.51,6359.64,6359.64,3285459968
6357.01,6741.75,6357.01,6741.75,6741.75,4725799936
6739.65,7387.24,6684.17,7321.04,7321.04,5961950208
7315.32,7534.99,7280.47,7370.78,7370.78,6103410176
7378.2,7494.46,7295.46,7466.86,7466.86,5111629824
7467.4,7594.67,7323.26,7354.13,7354.13,4936869888
7352.72,7437.64,7262.41,7419.29,7419.29,3726609920
7417.8,7537.95,7383.82,7418.49,7418.49,3695460096
7414.71,7771.5,7409.1,7711.11,7711.11,5132480000
7716.51,8424.27,7705.5,8424.27,8424.27,7277689856
8379.66,8416.87,8086.36,8181.39,8181.39,5845400064
8176.85,8290.33,7878.71,7951.58,7951.58,4899089920
7950.4,8262.66,7839.76,8165.01,8165.01,5195879936
8169.06,8222.85,8110.77,8192.15,8192.15,3988750080
8205.82,8272.26,8141.18,8218.46,8218.46,4107190016
8221.58,8235.5,7917.5,8180.48,8180.48,5551400000
8181.2,8181.53,7696.93,7780.44,7780.44,5287530000
7769.04,7769.04,7504.95,7624.91,7624.91,4797620000
7634.19,7712.77,7523.44,7567.15,7567.15,4214110000
7562.14,7562.14,7328.65,7434.39,7434.39,4627150000
7438.67,7497.49,6984.07,7032.85,7032.85,4268390000
7031.08,7102.77,6940.7,7068.48,7068.48,3679110000
7062.94,7166.55,6890.54,6951.8,6951.8,3925900000
6958.32,7146.56,6748.24,6753.12,6753.12,4682800000
6746.85,6746.85,6226.22,6305.8,6305.8,5064430000
6305.56,6625.73,6249.07,6568.23,6568.23,4267040000
6571.42,6591.26,6124.52,6184.71,6184.71,4528680000
6185.79,6455.74,6109.03,6295.73,6295.73,4047850000
6283.65,6409.85,6237.5,6322.69,6322.69,5665250000
6341.36,6537.05,6225.72,6297.57,6297.57,4083980000
6287.66,6287.94,5971.05,6199.71,6199.71,5301700000
6221.42,6588.49,6221.42,6308.52,6308.52,4895450000
6294.23,6473.5,6276.41,6334.73,6334.73,4328420000
6340.91,6582.5,6324.97,6580.63,6580.63,4992990000
6583.43,6617.35,6353.73,6423.76,6423.76,3984520000
6422.57,6537.98,6361.55,6506.07,6506.07,3311170000
6500.51,6536.92,6297.93,6308.53,6308.53,3665100000
6301.07,6500.87,6298.24,6488.76,6488.76,3377180000
6486.25,6816.79,6310.11,6376.71,6376.71,4668110000
6371.34,6546.54,6371.34,6534.88,6534.88,3426180000
6551.52,6719.96,6498.64,6719.96,6719.96,4097820000
6719.95,6789.63,6700.96,6763.19,6763.19,3312600000
6754.64,6774.75,6620.75,6707.26,6707.26,3295500000
6710.8,6884.64,6689.71,6884.64,6884.64,4019000000
6891.08,7109.56,6882.34,7096.28,7096.28,4659940000
7091.71,7113.3,6970.82,7047.16,7047.16,4145880000
7043.76,7072.69,6834.69,6978.23,6978.23,4463250000
6973.97,7057.17,6920.16,7037.58,7037.58,4495650000
7044.81,7242.29,7038.05,7193.25,7193.25,4116050000
7189.58,7306.31,7132.16,7272.72,7272.72,4329540000
7279.03,7317.94,7208.15,7260.06,7260.06,4087760000
7263,7388.26,7255.44,7361.66,7361.66,4273640000
7361.46,7388.43,6792.83,6792.83,6792.83,5800460000
6755.14,6755.14,6404.72,6529.17,6529.17,5523470000
6528.92,6555.29,6396.87,6467.07,6467.07,4264680000
6460.17,6534.25,6197.52,6225.98,6225.98,3835060000
6223.38,6446.26,6201.22,6300.86,6300.86,3671890000
6301.57,6374.98,6292.76,6329.7,6329.7,3714100000
6331.88,6398.92,6260.21,6321.2,6321.2,3849910000
6317.01,6363.87,6265.09,6351.8,6351.8,4064230000
6354.24,6535.41,6354.24,6517.31,6517.31,4210910000
6515.41,6596.1,6456.17,6512.71,6512.71,4076220000
6509.4,6561.72,6493.55,6543.2,6543.2,3216300000
6536.68,6544.33,6460.1,6517.18,6517.18,3273730000
6514.06,6540.21,6257.52,6281.2,6281.2,3910780000
6280.91,6384.18,6265.71,6371.3,6371.3,4180090000
6371.85,6448.46,6208.34,6398.54,6398.54,4431340000
6398.85,6529.26,6395.95,6519.67,6519.67,4348110000
6513.87,6794.33,6496.36,6734.95,6734.95,6531940000
6735.05,6814.56,6616.8,6721.98,6721.98,4509660000
6715.32,6766.15,6679.42,6710.63,6710.63,4197500000
6704.77,6713.56,6580.9,6595.41,6595.41,4177310000
6603.64,6603.64,6381.86,6446.47,6446.47,4726180000
6452.79,6585.91,6397.89,6495,6495,4437300000
6495.29,6712.1,6464.95,6676.75,6676.75,4606810000
6678.75,6785.03,6598.32,6644.13,6644.13,5014430000
6643.1,6643.1,6511.65,6601.96,6601.96,4363690000
6604.71,6643.78,6566.54,6625.56,6625.56,4002280000
6619.85,6653.3,6549.08,6589.62,6589.62,4000970000
6593.24,6611.84,6537.9,6556.1,6556.1,3979260000
6553.86,6571.46,6454.03,6502.59,6502.59,3887310000
6497.91,6603.31,6497.91,6576.69,6576.69,3838410000
6574.15,6623.62,6557.41,6622.48,6622.48,3671500000
6622.45,6628.54,6577.8,6588.31,6588.31,3259740000
6590.68,6641.49,6557.04,6602.95,6602.95,3306630000
6600.19,6675.06,6576.04,6652.23,6652.23,3979460000
6653.08,6661.41,6606.94,6642.64,6642.64,3580810000
6640.29,6640.29,6538.96,6585.53,6585.53,3787650000
6586.74,6586.74,6243.74,6256.24,6256.24,5181640000
6239.25,6328.5,6236.47,6274.58,6274.58,3783500000
6278.08,6308.51,6259.81,6285.99,6285.99,3064030000
6288.49,6363.21,6280.15,6290.93,6290.93,3085320000
6292.64,6965.06,6258.68,6596.54,6596.54,7370770000
6601.41,6673.59,6571.37,6596.11,6596.11,4074800000
6590.52,6601.21,6517.45,6544.43,6544.43,4088420000
6542.33,6567.54,6450.04,6476.71,6476.71,3924080000
6478.07,6493.68,6445.31,6465.41,6465.41,3578870000
6460.92,6497.72,6449,6489.19,6489.19,3379130000
6490.09,6556.38,6476,6482.35,6482.35,3253610000
6486.05,6543.8,6462.98,6487.16,6487.16,3672860000
6472.36,6506.01,6451.27,6475.74,6475.74,3716150000
6478.89,6521.99,6468.86,6495.84,6495.84,3424670000
6484.65,6504.65,6447.03,6476.29,6476.29,3230550000
6468.44,6498.29,6449.61,6474.75,6474.75,3306050000
6480.84,6507.41,6453.53,6480.38,6480.38,3393250000
6482.66,6502.28,6447.91,6486.39,6486.39,3445190000
6492.35,6503.6,6306.99,6332.63,6332.63,4199910000
6337.04,6364.99,6310.14,6334.27,6334.27,3781100000
6336.99,6349.16,6316.88,6317.61,6317.61,4191240000
6318.14,6547.14,6311.83,6377.78,6377.78,3789400000
6378.92,6396.86,6327.38,6388.44,6388.44,4234870000
6387.24,6400.07,6342.37,6361.26,6361.26,3658640000
6365.47,6388.63,6294.57,6376.13,6376.13,4390020000
6363.62,6480.59,6363.62,6419.66,6419.66,4174800000
6433.38,6463.55,6408.16,6461.01,6461.01,4700040000
6468.5,6552.16,6468.31,6530.14,6530.14,4941260000
6522.27,6536.92,6438.53,6453.72,6453.72,4665260000
6442.6,6456.46,6373.37,6385.62,6385.62,4346820000
6386.13,6437.28,6385.31,6409.22,6409.22,3705320000
6413.63,6423.25,6350.17,6411.27,6411.27,3939060000
6411.76,6434.21,6360.47,6371.27,6371.27,4295770000
6373.19,6395.27,6342.67,6359.49,6359.49,4503800000
6351.24,6371.55,5544.09,5738.35,5738.35,7398940000
5736.15,5774.82,5358.38,5648.03,5648.03,7032140000
5645.32,5657.02,5498.94,5575.55,5575.55,5279320000
5578.58,5578.58,5519.56,5554.33,5554.33,4303150000
5559.74,5653.61,5559.74,5623.54,5623.54,4159680000
5620.78,5620.78,4842.91,4871.49,4871.49,7039560000
4863.93,4951.61,4272.11,4451.87,4451.87,8428290000
4465.54,4675.73,4343.98,4602.17,4602.17,6120120000
4611.57,4629.64,4365.64,4365.94,4365.94,4569370000
4360.7,4396.42,4195.68,4347.11,4347.11,4871490000
4347.69,4413.09,3795.16,3880.76,3880.76,4679500000
3880.78,4120.87,3585.06,4009.97,4009.97,6825640000
4015.07,4107.14,3643.92,3779.13,3779.13,6476900000
3765.95,3862.96,3661.01,3820.72,3820.72,5998720000
3822.47,4385.9,3822.47,4257.42,4257.42,7280280000
4269,4413.02,4145.77,4278.85,4278.85,6503347767
4289.09,4322.98,3942.82,4017.27,4017.27,6048016716
4024.46,4309.38,3969.71,4214.67,4214.67,5375314093
4200.73,4301.52,4110.98,4139.88,4139.88,5262697895
4147.32,4155.98,3840.45,3894.13,3894.13,5089570993
3886.29,4075.63,3832.75,3956.89,3956.89,5028069239
3958.89,3969.54,3753.99,3753.99,3753.99,5302481573
3754.07,3874.97,3521.1,3521.1,3521.1,5878333109
3512.59,3512.59,3280.23,3419.94,3419.94,6835615448
3421.91,3506.04,3350.65,3476.11,3476.11,5305024497
3473.23,3685.31,3469.09,3614.23,3614.23,4947372847
3612.05,3647.33,3470.14,3502.66,3502.66,5020968740
3497.55,3513.19,3392.25,3424.59,3424.59,4696765187
3421.46,3534.23,3413.48,3486.95,3486.95,4139364828
3487.88,3489.74,3298.13,3313.68,3313.68,4343372456
3311.75,3329.56,3206.54,3242.48,3242.48,4372763663
3244,3275.38,3191.3,3236.76,3236.76,3551763561
3236.27,3305.75,3233.82,3252.84,3252.84,3744248994
3253.12,3597.92,3253.12,3545.86,3545.86,5409247918
3544.76,3701.35,3487.17,3696.06,3696.06,5911325472
3706.82,3949.32,3687.23,3745.95,3745.95,6810689118
3742.2,4191.23,3728.97,4134.44,4134.44,8927129279
4133.7,4198.43,3850.95,3896.54,3896.54,7206015706
3898.08,4014.18,3855.74,4014.18,4014.18,5605823232
4020.99,4085.72,3976.41,3998.98,3998.98,6151275489
4000.33,4271.79,4000.33,4078.6,4078.6,7240968501
4081.03,4089.56,3760.02,3815.49,3815.49,6158207293
3819.67,3893.36,3769.86,3857.3,3857.3,5326547918
3854.69,3874.42,3645.45,3654.83,3654.83,5130222366
3653.13,3956.14,3642.63,3923.92,3923.92,5631554348
3932.49,3963.76,3820.41,3820.41,3820.41,4991655917
3822.38,3901.91,3797.22,3865.95,3865.95,4770578574
3866.84,3868.74,3725.87,3742.7,3742.7,4661840806
3746.71,3850.91,3707.23,3843.52,3843.52,4324200990
3849.22,3947.98,3817.41,3943.41,3943.41,5244856835
3931.05,3935.69,3826.22,3836.74,3836.74,4530215218
3832.04,3865.93,3783.85,3857.72,3857.72,4847965467
3851.97,3904.9,3836.9,3845.19,3845.19,5137609823
3836.52,4093.3,3826.51,4076.63,4076.63,5597027439
4078.58,4092.61,4020.89,4025.25,4025.25,5228625637
4028.47,4109.02,3996.96,4030.85,4030.85,5306593305
4031.55,4068.4,4022.66,4035.3,4035.3,5115905224
4034.41,4064.07,3659.17,3678.92,3678.92,6874143795
3674.02,3713.88,3653.07,3687.37,3687.37,5538712864
3686.97,3698.98,3653.81,3661.3,3661.3,4778170882
3658.87,3674.76,3544.93,3552.95,3552.95,4681302465
3557.31,3727.84,3552.29,3706.05,3706.05,5651384489
3704.22,3720.15,3619.95,3630.68,3630.68,5537192301
3631.51,3685.78,3624.67,3655.01,3655.01,5394457144
3651.87,3680.14,3621.96,3678.56,3678.56,5464420383
3677.99,3682.52,3637.08,3657.84,3657.84,5002961726
3652.38,3758.53,3652.38,3728.57,3728.57,5955691379
3725.45,3743.39,3583.02,3601.01,3601.01,5582489559
3600.37,3608.84,3558.54,3576.03,3576.03,5004347059
3575.08,3620.75,3539.72,3604.58,3604.58,5313623556
3605.56,3623.07,3565.31,3585.12,3585.12,5433755648
3584.5,3616.09,3569.09,3600.87,3600.87,5262869046
3607.39,3612.93,3575.6,3599.77,3599.77,5265847538
3599.72,3654.93,3593.35,3602.46,3602.46,5098183234
3604.69,3612.67,3567.25,3583.97,3583.97,5570752966
3584.28,3586.75,3439.23,3470.45,3470.45,6908930483
3468.87,3476.07,3400.82,3448.12,3448.12,5897159492
3443.9,3495.17,3429.39,3486.18,3486.18,5955112626
3485.41,3504.8,3447.92,3457.79,3457.79,5831198270
3460.55,3501.95,3431.59,3487.95,3487.95,5422926707
3484.63,3523.29,3467.57,3521.06,3521.06,5071623600
3516.14,3521.39,3447.92,3464.01,3464.01,5043937583
3467.21,3476.22,3442.59,3459.15,3459.15,5332718886
3454.95,3478.15,3451.94,3466.36,3466.36,5227549544
3469.09,3469.09,3398.57,3413.77,3413.77,5482196037
3414.93,3427.95,3394.22,3399.47,3399.47,5004962682
3401.38,3695.61,3391.02,3666.78,3666.78,7735623101
3671.59,3679.94,3646.56,3671.2,3671.2,6158833644
3673.2,3695.04,3640.98,3690.19,3690.19,6282256902
3695.61,3695.61,3642.29,3648.43,3648.43,6277056433
3642.75,3668.59,3618.56,3653.53,3653.53,6480384531
3653.6,3669.75,3617.25,3632.07,3632.07,6438903822
3631.17,3646.26,3607.7,3616.88,3616.88,6271044417
3617.37,3647.8,3608.21,3620.81,3620.81,6091952230
3615.27,3652.84,3615.27,3629.79,3629.79,5934744051
3633.36,3680.54,3619.18,3673.84,3673.84,7039512502
3671.37,3936.67,3669.98,3915.71,3915.71,9908216640
3911.66,4010.88,3908.15,3947.09,3947.09,9933626654
3946.69,4000.49,3926.25,3999.82,3999.82,8693373948
4000.26,4010.01,3940.11,3954.12,3954.12,7775128102
3952.41,4006.54,3950.82,4005.53,4005.53,7826525254
3998.92,4166.29,3968.73,4142.53,4142.53,8922258315
4145.46,4210.64,3793.71,3810.43,3810.43,10794227451
3807,3913.71,3807,3882.7,3882.7,9318796066
3878.7,3891.58,3837.99,3854.36,3854.36,7931218996
3857.48,3888.8,3787.06,3851.05,3851.05,8301309684
3848.26,3906.06,3845.82,3854.79,3854.79,8399767798
3853.76,3907.8,3851.69,3859.58,3859.58,7661247975
3855.32,3874.61,3832.13,3864.42,3864.42,7578786075
3862.27,3875.48,3836.91,3847.18,3847.18,7253558152
3845.09,3867.38,3733.75,3761.56,3761.56,9029175787
3759.83,3903.92,3745.18,3896.38,3896.38,10174126414
3897.08,3919.51,3871.46,3903.94,3903.94,9175291528
3903.38,3939.37,3894.11,3911.48,3911.48,9584165518
3913.23,3950.43,3875.23,3901.13,3901.13,10638638944
3894.55,3987.24,3892.39,3963.31,3963.31,10796103518
3966.17,3966.17,3924.38,3951.6,3951.6,9713267606
3953.74,3966.38,3889.24,3905.23,3905.23,10125901902
3903.76,3926.89,3863.56,3909.16,3909.16,9809887079
3913.05,3926.6,3891.9,3906.72,3906.72,9469184841
3905.58,3946.5,3901.3,3924.37,3924.37,10480789569
3926.66,3968.54,3914.02,3960.91,3960.91,9394210604
3963.9,4077.04,3961.66,4048.73,4048.73,9856166973
4047.72,4054.12,4006.41,4025.23,4025.23,8221625399
4029.97,4071.56,4009.12,4032.51,4032.51,9646954186
4032.69,4082.22,4023.81,4071.19,4071.19,9344919956
4070.79,4089.46,4031.11,4087.48,4087.48,10175916388
4083.95,4097.36,4005.15,4029.33,4029.33,10831212661
4028.51,4053.91,4021.54,4023.97,4023.97,9252935969
4022.71,4049.88,4015.96,4035.83,4035.83,9578850549
4035.16,4040.7,4006.19,4022.17,4022.17,9144851064
4024.11,4038.84,3934.03,3963.07,3963.07,10359818882
3969.23,3985.08,3944.75,3985.08,3985.08,10707678814
3984.24,4087.07,3977.81,4087.07,4087.07,10897131934
4087.58,4094.9,4040.27,4069.11,4069.11,9353915899
4068.3,4113.5,4034.1,4098.37,4098.37,10918665556
4092.14,4296.81,4053.91,4106.66,4106.66,9732688060
4105.46,4113.02,4094.1,4105.4,4105.4,9045122442
4105.36,4164.95,4096.9,4158.18,4158.18,10157794170
4156.92,4905.95,4155.32,4879.88,4879.88,21315047816
4879.96,5307,4876.62,4973.02,4973.02,22899891582
4971.31,5063.16,4836.79,4922.8,4922.8,18251810239
4922.81,5053.51,4919.49,5036.68,5036.68,16837325387
5036.79,5205.82,4992.22,5059.82,5059.82,16929795193
5062.79,5235.19,5050.41,5198.9,5198.9,16655416140
5199.84,5318.84,5148.21,5289.77,5289.77,17154113634
5289.92,5289.92,5167.42,5204.96,5204.96,14722104361
5204.11,5421.65,5193.38,5324.55,5324.55,15504590933
5325.08,5354.23,5017.3,5064.49,5064.49,16555616019
5061.2,5103.27,4955.85,5089.54,5089.54,13675206312
5088.85,5127.12,5061.59,5096.59,5096.59,10823289598
5095.76,5184.02,5053.57,5167.72,5167.72,10391952498
5167.32,5196.61,5024.07,5067.11,5067.11,12290155060
5066.58,5238.95,5055.19,5235.56,5235.56,11618660197
5236.14,5274.28,5219.21,5251.94,5251.94,12438480676
5251.48,5319.99,5250.51,5298.39,5298.39,13256489918
5298.15,5336.68,5233.34,5303.81,5303.81,13780238655
5304.16,5358.49,5295.88,5337.89,5337.89,13169647522
5335.88,5359.92,5257.34,5314.53,5314.53,13731844222
5312.49,5422.69,5280.28,5399.37,5399.37,14601631647
5399.37,5633.8,5389.41,5572.36,5572.36,15867308107
5571.51,5642.04,5418.26,5464.87,5464.87,17048033399
5466.52,5542.24,5181.34,5210.52,5210.52,15330283408
5210.3,5383.63,5177.37,5279.35,5279.35,16812108039
5279.47,5310.75,5233.64,5268.29,5268.29,13111274675
5271.75,5326.23,5255.68,5285.14,5285.14,12819992055
5284.86,5311.27,5216.49,5247.35,5247.35,13735490672
5247.73,5363.26,5224.19,5350.73,5350.73,13878964573
5350.91,5418,5347.65,5402.7,5402.7,13679528236
5402.42,5522.26,5394.22,5505.28,5505.28,14644460907
5505.55,5865.88,5490.2,5768.29,5768.29,18720780005
5769.2,5886.89,5645.47,5831.17,5831.17,17567780765
5831.07,5833.86,5708.04,5795.71,5795.71,14808830722
5791.69,5802.96,5653.69,5746.81,5746.81,15737171804
5745.6,5988.18,5741.4,5829.5,5829.5,18026409032
5849.48,5989.98,5794.72,5982.46,5982.46,15320605299
5982.32,6183.04,5982.32,6174.53,6174.53,16784645410
6175.82,6434.62,6161.52,6378.85,6378.85,19419875367
6379.67,7333,6375.7,7204.77,7204.77,28867562329
7203.51,7503.87,6815.77,6972.37,6972.37,27773333679
6971.18,8047.41,6898.28,7814.92,7814.92,28677672181
7807.88,8268.71,7696.39,7994.42,7994.42,32031452226
7989.37,8216.42,7899.11,8205.17,8205.17,28344112919
8194.5,8320.82,7729.61,7884.91,7884.91,33167197581
7886.93,7929.15,7038.12,7343.9,7343.9,30066644905
7341.66,7447.27,7251.5,7271.21,7271.21,21354286561
7267.96,8261.94,7267.96,8197.69,8197.69,25902422039
8196.92,8200.97,7678.78,7978.31,7978.31,23843404339
7977.97,8062.17,7843.34,7963.33,7963.33,25127245056
7956.29,7997.61,7615.99,7680.07,7680.07,24719473174
7677.27,7943.79,7533.2,7881.85,7881.85,24457107820
7881.7,8140.72,7824.45,7987.37,7987.37,25919126990
7991.89,8117.93,7965.98,8052.54,8052.54,22256813106
8055.21,8687.52,7924.67,8673.22,8673.22,26677970091
8674.07,8907.17,8668.71,8805.78,8805.78,27949839563
8802.76,8807.02,8634.72,8719.96,8719.96,24226919266
8718.59,8755.85,8482.73,8659.49,8659.49,23473479966
8661.76,9008.31,8221.27,8319.47,8319.47,29246528551
8320.29,8586.66,8172.55,8574.5,8574.5,25365190957
8573.84,8625.6,8481.58,8564.02,8564.02,22488303543
8565.47,8809.3,8561.24,8742.96,8742.96,20266216022
8741.75,8743.5,8204.19,8209,8209,22004511436
8210.99,8210.99,7564.49,7707.77,7707.77,24609731548
7704.34,7901.85,7668.67,7824.23,7824.23,21760923463
7819.63,7937.34,7571.47,7822.02,7822.02,19474611077
7826.9,8126.15,7788.37,8043.95,8043.95,19141423230
8036.77,8076.89,7837.61,7954.13,7954.13,16522722809
7949.67,7975.97,7583.22,7688.08,7688.08,16610726547
7692.28,8031.91,7586.73,8000.33,8000.33,18689275117
8004.24,8026.39,7772.8,7927.71,7927.71,17107279931
7925.43,8196.65,7862.36,8145.86,8145.86,19034432883
8145.55,8311.57,8087.06,8230.92,8230.92,18669407147
8230.9,8710.64,8183.39,8693.83,8693.83,19831162905
8689.75,8859.13,8618.4,8838.38,8838.38,18371033226
8841.44,9335.87,8814.56,8994.49,8994.49,23348550310
8988.92,9416.41,8988.92,9320.35,9320.35,15562951918
9335.47,9348.37,9004.9,9081.76,9081.76,15848210535
9078.73,9299.62,9070.4,9273.52,9273.52,15546809946
9273.06,9594.42,9232.48,9527.16,9527.16,17846823783
9525.07,10144.56,9525.07,10144.56,10144.56,20624008643
10175.92,11157.35,10107.04,10701.69,10701.69,29995204860
10696.69,11246.14,10556.1,10855.37,10855.37,20998326501
10853.74,11065.9,10610.43,11011.1,11011.1,19271652364
11007.2,11790.92,11007.2,11790.92,11790.92,24879684533
11778.58,13796.49,11755.6,13016.23,13016.23,45105733173
13017.12,13311.14,10491.85,11182.81,11182.81,39977475222
11162.17,12445.17,10914.5,12407.33,12407.33,35087757765
12400.76,12400.91,11508.38,11959.37,11959.37,29923961127
11931.99,12178.38,10799.01,10817.16,10817.16,27256473494
10796.93,11206.44,10089.31,10583.13,10583.13,29378589324
10588.68,10912.19,9737.88,10801.68,10801.68,31015895222
10818.16,11968.08,10818.16,11961.27,11961.27,30796494293
11972.72,12006.08,11166.57,11215.44,11215.44,25920294033
11203.1,11395.66,10874.96,10978.46,10978.46,23838480210
10982.54,11620.96,10982.54,11208.55,11208.55,21092024306
11217.62,11541.62,11148.8,11450.85,11450.85,19369044276
11446.6,12345.83,11393.37,12285.96,12285.96,23482551458
12284.33,12779.13,12233.26,12573.81,12573.81,28167921522
12571.54,13129.53,11710.98,12156.51,12156.51,33627574244
12139.71,12144.62,11158.92,11358.66,11358.66,28595327690
11354.3,11905.49,11179.14,11815.99,11815.99,23534692796
11813.13,11841.96,10908.48,11392.38,11392.38,21042616383
11381.02,11451.2,10234.58,10256.06,10256.06,22486000001
10257.84,11052.77,9992.01,10895.09,10895.09,25384047206
10896.65,10996.63,9448.11,9477.64,9477.64,24151199069
9471.21,9963.13,9163.13,9693.8,9693.8,24569921548
9698.5,10736.84,9376.8,10666.48,10666.48,25187024648
10653.96,10716.98,10229.63,10530.73,10530.73,20727426309
10525.82,11048.66,10451.28,10767.14,10767.14,20206615154
10777.53,10841.89,10389.6,10599.11,10599.11,17130580467
10596.95,10651.79,10154.92,10343.11,10343.11,16334414913
10346.75,10346.75,9883.59,9900.77,9900.77,17851916994
9887.73,9908.8,9614.31,9811.93,9811.93,17398734321
9809.1,10154.25,9773.96,9911.84,9911.84,15821952090
9913.13,9916.52,9717.98,9870.3,9870.3,14495714483
9871.17,10167.32,9411.52,9477.68,9477.68,16817809536
9491.63,9575.54,9252.3,9552.86,9552.86,13738687092
9548.18,9681.65,9472.95,9519.15,9519.15,13791445323
9522.33,9701.76,9437.34,9607.42,9607.42,13829811132
9604.05,10085.63,9598.1,10085.63,10085.63,16631520647
10077.44,10446.92,9922.02,10399.67,10399.67,17165337857
10402.04,10657.95,10371.01,10518.17,10518.17,17489094081
10519.28,10946.78,10503.5,10821.73,10821.73,15352685060
10821.63,11009.21,10620.28,10970.18,10970.18,16530894786
10960.74,11895.09,10960.74,11805.65,11805.65,23875988832
11811.54,12273.82,11290.73,11478.17,11478.17,23635107659
11476.19,12036.99,11433.7,11941.97,11941.97,22194988641
11954.04,11979.42,11556.17,11966.41,11966.41,19481591729
11953.47,11970.46,11709.75,11862.94,11862.94,18339989959
11861.56,11915.66,11323.9,11354.02,11354.02,18125355447
11349.74,11523.58,11248.29,11523.58,11523.58,15774371517
11528.19,11528.19,11320.95,11382.62,11382.62,13647198229
11385.05,11420.05,10830.33,10895.83,10895.83,16681503536
10889.49,10889.56,10028.14,10051.7,10051.7,19990838299
10038.42,10437.41,9675.32,10311.55,10311.55,22899115082
10319.42,10524.35,9855.48,10374.34,10374.34,20228207096
10358.72,10452.62,10086.7,10231.74,10231.74,13778035685
10233.01,10487.07,10119.09,10345.81,10345.81,12999813869
10350.28,10916.05,10313.2,10916.05,10916.05,16038264603
10916.35,10947.04,10618.96,10763.23,10763.23,15053082175
10764.57,10798.73,9962.72,10138.05,10138.05,19473084767
10142.52,10233,9831.46,10131.06,10131.06,17097508856
10136.31,10442.44,10078.19,10407.96,10407.96,15627023886
10407.64,10418.02,9982.3,10159.96,10159.96,15451030650
10160.74,10304.62,10008.79,10138.52,10138.52,14153856609
10126.3,10512.33,10126.3,10370.82,10370.82,18438654079
10372.83,10381.33,10087.3,10185.5,10185.5,14762609502
10203.43,10279.37,9716.66,9754.42,9754.42,17603790323
9756.79,9756.79,9421.63,9510.2,9510.2,17045878500
9514.84,9656.12,9428.3,9598.17,9598.17,13595263986
9597.54,9673.22,9531.8,9630.66,9630.66,11454806419
9630.59,9796.76,9582.94,9757.97,9757.97,11445355859
9757.47,10396.59,9730.65,10346.76,10346.76,17248102293
10345.73,10736.1,10308.55,10623.54,10623.54,19384917988
10621.18,10762.64,10434.71,10594.49,10594.49,16742664768
10588.18,10627.27,10516.42,10575.53,10575.53,14551239507
10578.2,10898.76,10292.3,10353.3,10353.3,19536574782
10353.93,10558.67,10348.92,10517.25,10517.25,15307366476
10518.11,10595.64,10409.09,10441.28,10441.28,13670567492
10443.23,10450.31,10144.93,10334.97,10334.97,17595943367
10336.41,10394.35,10020.57,10115.98,10115.98,14906809639
10123.04,10215.95,9980.78,10178.37,10178.37,15428063426
10176.82,10442.25,10099.24,10410.13,10410.13,15323563925
10415.36,10441.49,10226.6,10360.55,10360.55,14109864674
10345.4,10422.13,10291.69,10358.05,10358.05,13468713124
10356.47,10387.04,10313.09,10347.71,10347.71,12043433567
10347.22,10386.87,10189.74,10276.79,10276.79,15160167778
10281.51,10296.77,10199.74,10241.27,10241.27,15304603363
10247.8,10275.93,10191.47,10198.25,10198.25,16169268880
10200.5,10295.67,9851.69,10266.42,10266.42,19937691247
10266.32,10285.87,10132.19,10181.64,10181.64,14734189639
10183.65,10188.1,10000.71,10019.72,10019.72,13425266806
10024.12,10074.44,9922.53,10070.39,10070.39,13199651698
10067.96,10074.24,9727.14,9729.32,9729.32,15144925408
9729.32,9804.32,8370.8,8620.57,8620.57,25002886688
8603.43,8744.83,8325.4,8486.99,8486.99,21744728352
8487.67,8515.69,7895.63,8118.97,8118.97,19258205289
8113.1,8271.52,7965.92,8251.85,8251.85,16408941155
8251.27,8285.62,8125.43,8245.92,8245.92,14141152736
8246.04,8261.71,7990.5,8104.19,8104.19,13034629108
8104.23,8314.23,7830.76,8293.87,8293.87,17115474183
8299.72,8497.69,8232.68,8343.28,8343.28,15305343412
8344.21,8393.04,8227.7,8393.04,8393.04,13125712442
8390.77,8414.23,8146.44,8259.99,8259.99,13668823409
8259.49,8260.06,8151.24,8205.94,8205.94,13139456229
8210.15,8215.53,8071.12,8151.5,8151.5,12200497197
8149.88,8161.41,7958.85,7988.16,7988.16,13160830305
7989.12,8308.45,7905.77,8245.62,8245.62,18009742607
8246.85,8332.71,8185.76,8228.78,8228.78,15592264032
8229.84,8627.71,8169.3,8595.74,8595.74,19384942333
8585.28,8625.27,8471.93,8586.47,8586.47,17618660671
8585.26,8721.78,8316.18,8321.76,8321.76,19604381101
8315.67,8415.24,8313.34,8336.56,8336.56,14532641604
8336.9,8470.99,8276.61,8321.01,8321.01,13808286058
8320.83,8390.21,8284.13,8374.69,8374.69,15151387859
8373.46,8410.71,8182.71,8205.37,8205.37,15220412631
8204.67,8216.81,7985.09,8047.53,8047.53,16071646995
8047.81,8134.83,8000.94,8103.91,8103.91,14313052244
8100.93,8138.41,7902.16,7973.21,7973.21,15651592610
7973.8,8082.63,7944.78,7988.56,7988.56,13797825640
7997.81,8281.82,7949.44,8222.08,8222.08,15504249442
8225.12,8296.69,8196.42,8243.72,8243.72,15868748865
8243.4,8296.65,8074.46,8078.2,8078.2,16803377856
8076.23,8093,7469.32,7514.67,7514.67,21942878957
7509.73,7532.87,7446.99,7493.49,7493.49,16268708848
7490.7,8691.54,7479.98,8660.7,8660.7,28705065488
8667.58,10021.74,8662.62,9244.97,9244.97,44496255608
9241.71,9749.53,9112.54,9551.71,9551.71,32593129500
9565.1,9805.12,9256.15,9256.15,9256.15,30948255331
9248.44,9516.18,9232.65,9427.69,9427.69,28426779937
9422.46,9426.87,9085.37,9205.73,9205.73,27706531577
9202.46,9383.16,9028.72,9199.58,9199.58,26583653946
9193.99,9275.66,9132.05,9261.1,9261.1,24324691031
9259.78,9377.49,9249.59,9324.72,9324.72,21242676385
9324.79,9379.81,9141.25,9235.35,9235.35,21132220847
9235.61,9505.05,9191.49,9412.61,9412.61,26170255634
9413,9457.42,9256.93,9342.53,9342.53,26198609047
9340.86,9423.24,9305.91,9360.88,9360.88,23133895764
9352.39,9368.48,9202.35,9267.56,9267.56,22700383838
9265.37,9272.76,8775.53,8804.88,8804.88,24333037836
8809.47,8891.82,8793.16,8813.58,8813.58,17578630605
8812.49,9103.83,8806.16,9055.53,9055.53,20587919881
9056.92,9081.28,8700.61,8757.79,8757.79,20265510765
8759.75,8853.77,8685.43,8815.66,8815.66,20309769107
8812.03,8836.84,8761.65,8808.26,8808.26,17545755404
8811.94,8826.94,8692.55,8708.09,8708.09,19084739974
8705.71,8730.87,8484.84,8491.99,8491.99,21796856471
